participant,NIRS fPath,Trigger fPath,nirs_dir,Trial Sheet fPath,Trigger Notes,Localizer Order,Reading Order
EML1_055,['E:\\eye_mind_local\\pre-proc\\..\\data\\unzipped\\EML1_055\\EML1_055\\fNIRS\\2020-10-08_001\\2020-10-08_001.nirs'],['E:\\eye_mind_local\\pre-proc\\..\\data\\unzipped\\EML1_055\\EML1_055\\fNIRS\\2020-10-08_001\\2020-10-08_001_lsl.tri'],['E:\\eye_mind_local\\pre-proc\\..\\data\\unzipped\\EML1_055\\EML1_055\\fNIRS\\2020-10-08_001'],['E:\\eye_mind_local\\pre-proc\\..\\data\\unzipped\\EML1_055\\EML1_055\\EML1_055_Trials.txt'],LSL Triggers Look Good For Whole Study,"['1_sent', '4_jabwords', '3_jabsent', '2_words']","['Variables', 'CausalClaims', 'Bias', 'Hypotheses', 'Validity']"
EML1_057,['E:\\eye_mind_local\\pre-proc\\..\\data\\unzipped\\EML1_057\\EML1_057\\fNIRS\\2020-10-14_001\\2020-10-14_001.nirs'],['E:\\eye_mind_local\\pre-proc\\..\\data\\unzipped\\EML1_057\\EML1_057\\fNIRS\\2020-10-14_001\\2020-10-14_001_lsl.tri'],['E:\\eye_mind_local\\pre-proc\\..\\data\\unzipped\\EML1_057\\EML1_057\\fNIRS\\2020-10-14_001'],['E:\\eye_mind_local\\pre-proc\\..\\data\\unzipped\\EML1_057\\EML1_057\\EML1_057_Trials.txt'],LSL Triggers Look Good For Whole Study,"['4_jabwords', '1_sent', '3_jabsent', '2_words']","['CausalClaims', 'Hypotheses', 'Bias', 'Variables', 'Validity']"
EML1_058,['E:\\eye_mind_local\\pre-proc\\..\\data\\unzipped\\EML1_058\\EML1_058\\fNIRS\\2020-10-15_001\\2020-10-15_001.nirs'],['E:\\eye_mind_local\\pre-proc\\..\\data\\unzipped\\EML1_058\\EML1_058\\fNIRS\\2020-10-15_001\\2020-10-15_001_lsl.tri'],['E:\\eye_mind_local\\pre-proc\\..\\data\\unzipped\\EML1_058\\EML1_058\\fNIRS\\2020-10-15_001'],['E:\\eye_mind_local\\pre-proc\\..\\data\\unzipped\\EML1_058\\EML1_058\\EML1_058_Trials.txt'],LSL Triggers Look Good For Whole Study,"['4_jabwords', '2_words', '1_sent', '3_jabsent']","['Hypotheses', 'Validity', 'Variables', 'Bias', 'CausalClaims']"
EML1_059,['E:\\eye_mind_local\\pre-proc\\..\\data\\unzipped\\EML1_059\\EML1_059\\fNIRS\\2020-10-15_002\\2020-10-15_002.nirs'],['E:\\eye_mind_local\\pre-proc\\..\\data\\unzipped\\EML1_059\\EML1_059\\fNIRS\\2020-10-15_002\\2020-10-15_002_lsl.tri'],['E:\\eye_mind_local\\pre-proc\\..\\data\\unzipped\\EML1_059\\EML1_059\\fNIRS\\2020-10-15_002'],['E:\\eye_mind_local\\pre-proc\\..\\data\\unzipped\\EML1_059\\EML1_059\\EML1_059_Trials.txt'],LSL Triggers Look Good For Whole Study,"['4_jabwords', '3_jabsent', '1_sent', '2_words']","['Hypotheses', 'Bias', 'Validity', 'Variables', 'CausalClaims']"
EML1_060,['E:\\eye_mind_local\\pre-proc\\..\\data\\unzipped\\EML1_060\\EML1_060\\fNIRS\\2020-10-20_002\\2020-10-20_002.nirs'],['E:\\eye_mind_local\\pre-proc\\..\\data\\unzipped\\EML1_060\\EML1_060\\fNIRS\\2020-10-20_002\\2020-10-20_002_lsl.tri'],['E:\\eye_mind_local\\pre-proc\\..\\data\\unzipped\\EML1_060\\EML1_060\\fNIRS\\2020-10-20_002'],['E:\\eye_mind_local\\pre-proc\\..\\data\\unzipped\\EML1_060\\EML1_060\\EML1_060_Trials.txt'],LSL Triggers Look Good For Whole Study,"['3_jabsent', '4_jabwords', '1_sent', '2_words']","['Validity', 'CausalClaims', 'Bias', 'Variables', 'Hypotheses']"
EML1_061,['E:\\eye_mind_local\\pre-proc\\..\\data\\unzipped\\EML1_061\\EML1_061\\fNIRS\\2020-10-21_001\\2020-10-21_001.nirs'],,['E:\\eye_mind_local\\pre-proc\\..\\data\\unzipped\\EML1_061\\EML1_061\\fNIRS\\2020-10-21_001'],['E:\\eye_mind_local\\pre-proc\\..\\data\\unzipped\\EML1_061\\EML1_061\\EML1_061_Trials.txt'],,"['1_sent', '4_jabwords', '3_jabsent', '2_words']","['CausalClaims', 'Bias', 'Variables', 'Hypotheses', 'Validity']"
EML1_062,['E:\\eye_mind_local\\pre-proc\\..\\data\\unzipped\\EML1_062\\EML1_062\\fNIRS\\2020-10-22_001\\2020-10-22_001.nirs'],,['E:\\eye_mind_local\\pre-proc\\..\\data\\unzipped\\EML1_062\\EML1_062\\fNIRS\\2020-10-22_001'],['E:\\eye_mind_local\\pre-proc\\..\\data\\unzipped\\EML1_062\\EML1_062\\EML1_062_Trials.txt'],,"['4_jabwords', '2_words', '1_sent', '3_jabsent']","['Bias', 'Validity', 'Variables', 'Hypotheses', 'CausalClaims']"
EML1_064,['E:\\eye_mind_local\\pre-proc\\..\\data\\unzipped\\EML1_064\\EML1_064\\fNIRS\\2020-10-27_001\\2020-10-27_001.nirs'],['E:\\eye_mind_local\\pre-proc\\..\\data\\unzipped\\EML1_064\\EML1_064\\fNIRS\\2020-10-27_001\\2020-10-27_001_lsl.tri'],['E:\\eye_mind_local\\pre-proc\\..\\data\\unzipped\\EML1_064\\EML1_064\\fNIRS\\2020-10-27_001'],['E:\\eye_mind_local\\pre-proc\\..\\data\\unzipped\\EML1_064\\EML1_064\\EML1_064_Trials.txt'],LSL Triggers Look Good For Whole Study,"['1_sent', '3_jabsent', '2_words', '4_jabwords']","['Variables', 'Hypotheses', 'Validity', 'CausalClaims', 'Bias']"
EML1_066,['E:\\eye_mind_local\\pre-proc\\..\\data\\unzipped\\EML1_066\\EML1_066\\fNIRS\\2020-10-29_001\\2020-10-29_001.nirs'],,['E:\\eye_mind_local\\pre-proc\\..\\data\\unzipped\\EML1_066\\EML1_066\\fNIRS\\2020-10-29_001'],['E:\\eye_mind_local\\pre-proc\\..\\data\\unzipped\\EML1_066\\EML1_066\\EML1_066_Trials.txt'],,"['1_sent', '3_jabsent', '2_words', '4_jabwords']","['CausalClaims', 'Variables', 'Hypotheses', 'Bias', 'Validity']"
EML1_067,['E:\\eye_mind_local\\pre-proc\\..\\data\\unzipped\\EML1_067\\EML1_067\\fNIRS\\2020-11-08_002\\2020-11-08_002.nirs'],['E:\\eye_mind_local\\pre-proc\\..\\data\\unzipped\\EML1_067\\EML1_067\\fNIRS\\2020-11-08_002\\2020-11-08_002_lsl.tri'],['E:\\eye_mind_local\\pre-proc\\..\\data\\unzipped\\EML1_067\\EML1_067\\fNIRS\\2020-11-08_002'],['E:\\eye_mind_local\\pre-proc\\..\\data\\unzipped\\EML1_067\\EML1_067\\EML1_067_Trials.txt'],Missing: 86 in the Localizer / Resting State Task.,"['2_words', '4_jabwords', '1_sent', '3_jabsent']","['Hypotheses', 'Variables', 'Validity', 'CausalClaims', 'Bias']"
EML1_068,['E:\\eye_mind_local\\pre-proc\\..\\data\\unzipped\\EML1_068\\EML1_068\\fNIRS\\2020-11-08_003\\2020-11-08_003.nirs'],['E:\\eye_mind_local\\pre-proc\\..\\data\\unzipped\\EML1_068\\EML1_068\\fNIRS\\2020-11-08_003\\2020-11-08_003_lsl.tri'],['E:\\eye_mind_local\\pre-proc\\..\\data\\unzipped\\EML1_068\\EML1_068\\fNIRS\\2020-11-08_003'],['E:\\eye_mind_local\\pre-proc\\..\\data\\unzipped\\EML1_068\\EML1_068\\EML1_068_Trials.txt'],LSL Triggers Look Good For Whole Study,"['2_words', '3_jabsent', '4_jabwords', '1_sent']","['Variables', 'Hypotheses', 'Bias', 'CausalClaims', 'Validity']"
EML1_069,['E:\\eye_mind_local\\pre-proc\\..\\data\\unzipped\\EML1_069\\EML1_069\\fNIRS\\2020-11-09_001\\2020-11-09_001.nirs'],['E:\\eye_mind_local\\pre-proc\\..\\data\\unzipped\\EML1_069\\EML1_069\\fNIRS\\2020-11-09_001\\2020-11-09_001_lsl.tri'],['E:\\eye_mind_local\\pre-proc\\..\\data\\unzipped\\EML1_069\\EML1_069\\fNIRS\\2020-11-09_001'],['E:\\eye_mind_local\\pre-proc\\..\\data\\unzipped\\EML1_069\\EML1_069\\EML1_069_Trials.txt'],LSL Triggers Look Good For Whole Study,"['2_words', '4_jabwords', '1_sent', '3_jabsent']","['Bias', 'Hypotheses', 'CausalClaims', 'Validity', 'Variables']"
EML1_070,['E:\\eye_mind_local\\pre-proc\\..\\data\\unzipped\\EML1_070\\EML1_070\\fnirs\\2020-11-12_001\\2020-11-12_001.nirs'],['E:\\eye_mind_local\\pre-proc\\..\\data\\unzipped\\EML1_070\\EML1_070\\fnirs\\2020-11-12_001\\2020-11-12_001_lsl.tri'],['E:\\eye_mind_local\\pre-proc\\..\\data\\unzipped\\EML1_070\\EML1_070\\fnirs\\2020-11-12_001'],['E:\\eye_mind_local\\pre-proc\\..\\data\\unzipped\\EML1_070\\EML1_070\\EML1_070_Trials.txt'],LSL Triggers Look Good For Whole Study,"['3_jabsent', '1_sent', '2_words', '4_jabwords']","['Bias', 'Validity', 'Variables', 'CausalClaims', 'Hypotheses']"
EML1_073,['E:\\eye_mind_local\\pre-proc\\..\\data\\unzipped\\EML1_073\\EML1_073\\fNIRS\\2020-11-15_001\\2020-11-15_001.nirs'],['E:\\eye_mind_local\\pre-proc\\..\\data\\unzipped\\EML1_073\\EML1_073\\fNIRS\\2020-11-15_001\\2020-11-15_001_lsl.tri'],['E:\\eye_mind_local\\pre-proc\\..\\data\\unzipped\\EML1_073\\EML1_073\\fNIRS\\2020-11-15_001'],['E:\\eye_mind_local\\pre-proc\\..\\data\\unzipped\\EML1_073\\EML1_073\\EML1_073_Trials.txt'],"LSL Triggers Look Good for Localizer / Resting State, but are 53 triggers short of whole study.","['1_sent', '3_jabsent', '2_words', '4_jabwords']","['Variables', 'Bias', 'Validity', 'Hypotheses', 'CausalClaims']"
EML1_074,['E:\\eye_mind_local\\pre-proc\\..\\data\\unzipped\\EML1_074\\EML1_074\\fNIRS\\2020-11-20_001\\2020-11-20_001.nirs'],['E:\\eye_mind_local\\pre-proc\\..\\data\\unzipped\\EML1_074\\EML1_074\\fNIRS\\2020-11-20_001\\2020-11-20_001_lsl.tri'],['E:\\eye_mind_local\\pre-proc\\..\\data\\unzipped\\EML1_074\\EML1_074\\fNIRS\\2020-11-20_001'],['E:\\eye_mind_local\\pre-proc\\..\\data\\unzipped\\EML1_074\\EML1_074\\EML1_074_Trials.txt'],LSL Triggers Look Good For Whole Study,"['3_jabsent', '1_sent', '4_jabwords', '2_words']","['Hypotheses', 'Validity', 'Bias', 'CausalClaims', 'Variables']"
EML1_075,['E:\\eye_mind_local\\pre-proc\\..\\data\\unzipped\\EML1_075\\EML1_075\\fNIRS\\2020-11-22_001\\2020-11-22_001.nirs'],['E:\\eye_mind_local\\pre-proc\\..\\data\\unzipped\\EML1_075\\EML1_075\\fNIRS\\2020-11-22_001\\2020-11-22_001_lsl.tri'],['E:\\eye_mind_local\\pre-proc\\..\\data\\unzipped\\EML1_075\\EML1_075\\fNIRS\\2020-11-22_001'],['E:\\eye_mind_local\\pre-proc\\..\\data\\unzipped\\EML1_075\\EML1_075\\EML1_075_Trials.txt'],Missing: 86 in the Localizer / Resting State Task.,"['1_sent', '4_jabwords', '3_jabsent', '2_words']","['Hypotheses', 'CausalClaims', 'Bias', 'Validity', 'Variables']"
EML1_076,['E:\\eye_mind_local\\pre-proc\\..\\data\\unzipped\\EML1_076\\EML1_076\\fNIRS\\2020-11-23_001\\2020-11-23_001.nirs'],['E:\\eye_mind_local\\pre-proc\\..\\data\\unzipped\\EML1_076\\EML1_076\\fNIRS\\2020-11-23_001\\2020-11-23_001_lsl.tri'],['E:\\eye_mind_local\\pre-proc\\..\\data\\unzipped\\EML1_076\\EML1_076\\fNIRS\\2020-11-23_001'],['E:\\eye_mind_local\\pre-proc\\..\\data\\unzipped\\EML1_076\\EML1_076\\EML1_076_Trials.txt'],There are 2 more triggers than expected.,"['1_sent', '2_words', '4_jabwords', '3_jabsent']","['Bias', 'Hypotheses', 'Validity', 'Variables', 'CausalClaims']"
EML1_078,['E:\\eye_mind_local\\pre-proc\\..\\data\\unzipped\\EML1_078\\EML1_078\\fNIRS\\2020-11-29_001\\2020-11-29_001.nirs'],['E:\\eye_mind_local\\pre-proc\\..\\data\\unzipped\\EML1_078\\EML1_078\\fNIRS\\2020-11-29_001\\2020-11-29_001_lsl.tri'],['E:\\eye_mind_local\\pre-proc\\..\\data\\unzipped\\EML1_078\\EML1_078\\fNIRS\\2020-11-29_001'],['E:\\eye_mind_local\\pre-proc\\..\\data\\unzipped\\EML1_078\\EML1_078\\EML1_078_Trials.txt'],LSL Triggers Look Good For Whole Study,"['1_sent', '4_jabwords', '3_jabsent', '2_words']","['CausalClaims', 'Bias', 'Validity', 'Variables', 'Hypotheses']"
EML1_079,['E:\\eye_mind_local\\pre-proc\\..\\data\\unzipped\\EML1_079\\EML1_079\\fNIRS\\2020-12-04_001\\2020-12-04_001.nirs'],['E:\\eye_mind_local\\pre-proc\\..\\data\\unzipped\\EML1_079\\EML1_079\\fNIRS\\2020-12-04_001\\2020-12-04_001_lsl.tri'],['E:\\eye_mind_local\\pre-proc\\..\\data\\unzipped\\EML1_079\\EML1_079\\fNIRS\\2020-12-04_001'],['E:\\eye_mind_local\\pre-proc\\..\\data\\unzipped\\EML1_079\\EML1_079\\EML1_079_Trials.txt'],LSL Triggers Look Good For Whole Study,"['1_sent', '2_words', '3_jabsent', '4_jabwords']","['Variables', 'Hypotheses', 'Validity', 'CausalClaims', 'Bias']"
EML1_080,['E:\\eye_mind_local\\pre-proc\\..\\data\\unzipped\\EML1_080\\EML1_080\\fNIRS\\2020-12-14_001\\2020-12-14_001.nirs'],['E:\\eye_mind_local\\pre-proc\\..\\data\\unzipped\\EML1_080\\EML1_080\\fNIRS\\2020-12-14_001\\2020-12-14_001_lsl.tri'],['E:\\eye_mind_local\\pre-proc\\..\\data\\unzipped\\EML1_080\\EML1_080\\fNIRS\\2020-12-14_001'],['E:\\eye_mind_local\\pre-proc\\..\\data\\unzipped\\EML1_080\\EML1_080\\EML1_080_Trials.txt'],LSL Triggers Look Good For Whole Study,"['3_jabsent', '1_sent', '2_words', '4_jabwords']","['Hypotheses', 'Validity', 'Variables', 'Bias', 'CausalClaims']"
EML1_081,['E:\\eye_mind_local\\pre-proc\\..\\data\\unzipped\\EML1_081\\EML1_081\\fNIRS\\2020-12-17_001\\2020-12-17_001.nirs'],['E:\\eye_mind_local\\pre-proc\\..\\data\\unzipped\\EML1_081\\EML1_081\\fNIRS\\2020-12-17_001\\2020-12-17_001_lsl.tri'],['E:\\eye_mind_local\\pre-proc\\..\\data\\unzipped\\EML1_081\\EML1_081\\fNIRS\\2020-12-17_001'],['E:\\eye_mind_local\\pre-proc\\..\\data\\unzipped\\EML1_081\\EML1_081\\EML1_081_Trials.txt'],LSL Triggers Look Good For Whole Study,"['4_jabwords', '3_jabsent', '1_sent', '2_words']","['Hypotheses', 'Validity', 'Variables', 'Bias', 'CausalClaims']"
EML1_083,['E:\\eye_mind_local\\pre-proc\\..\\data\\unzipped\\EML1_083\\EML1_083\\fNIRS\\2020-12-20_002\\2020-12-20_002.nirs'],['E:\\eye_mind_local\\pre-proc\\..\\data\\unzipped\\EML1_083\\EML1_083\\fNIRS\\2020-12-20_002\\2020-12-20_002_lsl.tri'],['E:\\eye_mind_local\\pre-proc\\..\\data\\unzipped\\EML1_083\\EML1_083\\fNIRS\\2020-12-20_002'],['E:\\eye_mind_local\\pre-proc\\..\\data\\unzipped\\EML1_083\\EML1_083\\EML1_083_Trials.txt'],LSL Triggers Look Good For Whole Study,"['1_sent', '4_jabwords', '3_jabsent', '2_words']","['Hypotheses', 'Bias', 'Validity', 'CausalClaims', 'Variables']"
EML1_084,['E:\\eye_mind_local\\pre-proc\\..\\data\\unzipped\\EML1_084\\EML1_084\\fNIRS\\2020-12-23_001\\2020-12-23_001.nirs'],['E:\\eye_mind_local\\pre-proc\\..\\data\\unzipped\\EML1_084\\EML1_084\\fNIRS\\2020-12-23_001\\2020-12-23_001_lsl.tri'],['E:\\eye_mind_local\\pre-proc\\..\\data\\unzipped\\EML1_084\\EML1_084\\fNIRS\\2020-12-23_001'],['E:\\eye_mind_local\\pre-proc\\..\\data\\unzipped\\EML1_084\\EML1_084\\EML1_084_Trials.txt'],There are 4 more triggers than expected.,"['1_sent', '4_jabwords', '3_jabsent', '2_words']","['Variables', 'Bias', 'Hypotheses', 'CausalClaims', 'Validity']"
EML1_085,['E:\\eye_mind_local\\pre-proc\\..\\data\\unzipped\\EML1_085\\EML1_085\\fNIRS\\2021-01-08_001\\2021-01-08_001.nirs'],['E:\\eye_mind_local\\pre-proc\\..\\data\\unzipped\\EML1_085\\EML1_085\\fNIRS\\2021-01-08_001\\2021-01-08_001_lsl.tri'],['E:\\eye_mind_local\\pre-proc\\..\\data\\unzipped\\EML1_085\\EML1_085\\fNIRS\\2021-01-08_001'],['E:\\eye_mind_local\\pre-proc\\..\\data\\unzipped\\EML1_085\\EML1_085\\EML1_085_Trials.txt'],LSL Triggers Look Good For Whole Study,"['3_jabsent', '4_jabwords', '2_words', '1_sent']","['Hypotheses', 'Variables', 'CausalClaims', 'Validity', 'Bias']"
EML1_086,['E:\\eye_mind_local\\pre-proc\\..\\data\\unzipped\\EML1_086\\EML1_086\\fNIRS\\2021-01-19_001\\2021-01-19_001.nirs'],['E:\\eye_mind_local\\pre-proc\\..\\data\\unzipped\\EML1_086\\EML1_086\\fNIRS\\2021-01-19_001\\2021-01-19_001_lsl.tri'],['E:\\eye_mind_local\\pre-proc\\..\\data\\unzipped\\EML1_086\\EML1_086\\fNIRS\\2021-01-19_001'],['E:\\eye_mind_local\\pre-proc\\..\\data\\unzipped\\EML1_086\\EML1_086\\EML1_086_Trials.txt'],There are 25 more triggers than expected.,"['3_jabsent', '2_words', '1_sent', '4_jabwords']","['Hypotheses', 'Variables', 'Bias', 'CausalClaims', 'Validity']"
EML1_087,"['E:\\eye_mind_local\\pre-proc\\..\\data\\unzipped\\EML1_087\\EML1_087\\fNIRS\\2021-01-30_001\\2021-01-30_001.nirs', 'E:\\eye_mind_local\\pre-proc\\..\\data\\unzipped\\EML1_087\\EML1_087\\fNIRS\\2021-01-30_002\\2021-01-30_002.nirs']","['E:\\eye_mind_local\\pre-proc\\..\\data\\unzipped\\EML1_087\\EML1_087\\fNIRS\\2021-01-30_001\\2021-01-30_001_lsl.tri', 'E:\\eye_mind_local\\pre-proc\\..\\data\\unzipped\\EML1_087\\EML1_087\\fNIRS\\2021-01-30_002\\2021-01-30_002_lsl.tri']","['E:\\eye_mind_local\\pre-proc\\..\\data\\unzipped\\EML1_087\\EML1_087\\fNIRS\\2021-01-30_001', 'E:\\eye_mind_local\\pre-proc\\..\\data\\unzipped\\EML1_087\\EML1_087\\fNIRS\\2021-01-30_002']",['E:\\eye_mind_local\\pre-proc\\..\\data\\unzipped\\EML1_087\\EML1_087\\EML1_087_Trials.txt'],Missing: 9 in the Localizer / Resting State Task.,"['4_jabwords', '1_sent', '3_jabsent', '2_words']","['Variables', 'Validity', 'Bias', 'CausalClaims', 'Hypotheses']"
EML1_089,['E:\\eye_mind_local\\pre-proc\\..\\data\\unzipped\\EML1_089\\EML1_089\\fNIRS\\2021-02-05_001\\2021-02-05_001.nirs'],['E:\\eye_mind_local\\pre-proc\\..\\data\\unzipped\\EML1_089\\EML1_089\\fNIRS\\2021-02-05_001\\2021-02-05_001_lsl.tri'],['E:\\eye_mind_local\\pre-proc\\..\\data\\unzipped\\EML1_089\\EML1_089\\fNIRS\\2021-02-05_001'],['E:\\eye_mind_local\\pre-proc\\..\\data\\unzipped\\EML1_089\\EML1_089\\EML1_089_Trials.txt'],LSL Triggers Look Good For Whole Study,"['2_words', '4_jabwords', '1_sent', '3_jabsent']","['Validity', 'Variables', 'Hypotheses', 'Bias', 'CausalClaims']"
EML1_090,['E:\\eye_mind_local\\pre-proc\\..\\data\\unzipped\\EML1_090\\EML1_090\\fNIRS\\2021-02-07_002\\2021-02-07_002.nirs'],['E:\\eye_mind_local\\pre-proc\\..\\data\\unzipped\\EML1_090\\EML1_090\\fNIRS\\2021-02-07_002\\2021-02-07_002_lsl.tri'],['E:\\eye_mind_local\\pre-proc\\..\\data\\unzipped\\EML1_090\\EML1_090\\fNIRS\\2021-02-07_002'],['E:\\eye_mind_local\\pre-proc\\..\\data\\unzipped\\EML1_090\\EML1_090\\EML1_090_Trials.txt'],LSL Triggers Look Good For Whole Study,"['3_jabsent', '1_sent', '4_jabwords', '2_words']","['Hypotheses', 'Bias', 'Variables', 'CausalClaims', 'Validity']"
EML1_091,['E:\\eye_mind_local\\pre-proc\\..\\data\\unzipped\\EML1_091\\EML1_091\\fNIRS\\2021-02-10_001\\2021-02-10_001.nirs'],['E:\\eye_mind_local\\pre-proc\\..\\data\\unzipped\\EML1_091\\EML1_091\\fNIRS\\2021-02-10_001\\2021-02-10_001_lsl.tri'],['E:\\eye_mind_local\\pre-proc\\..\\data\\unzipped\\EML1_091\\EML1_091\\fNIRS\\2021-02-10_001'],['E:\\eye_mind_local\\pre-proc\\..\\data\\unzipped\\EML1_091\\EML1_091\\EML1_091_Trials.txt'],LSL Triggers Look Good For Whole Study,"['4_jabwords', '2_words', '1_sent', '3_jabsent']","['Bias', 'Validity', 'CausalClaims', 'Hypotheses', 'Variables']"
EML1_092,['E:\\eye_mind_local\\pre-proc\\..\\data\\unzipped\\EML1_092\\EML1_092\\fNIRS\\2021-02-12_001\\2021-02-12_001.nirs'],['E:\\eye_mind_local\\pre-proc\\..\\data\\unzipped\\EML1_092\\EML1_092\\fNIRS\\2021-02-12_001\\2021-02-12_001_lsl.tri'],['E:\\eye_mind_local\\pre-proc\\..\\data\\unzipped\\EML1_092\\EML1_092\\fNIRS\\2021-02-12_001'],['E:\\eye_mind_local\\pre-proc\\..\\data\\unzipped\\EML1_092\\EML1_092\\EML1_092_Trials.txt'],LSL Triggers Look Good For Whole Study,"['1_sent', '2_words', '4_jabwords', '3_jabsent']","['Validity', 'CausalClaims', 'Bias', 'Variables', 'Hypotheses']"
EML1_093,['E:\\eye_mind_local\\pre-proc\\..\\data\\unzipped\\EML1_093\\EML1_093\\fNIRS\\2021-02-13_001\\2021-02-13_001.nirs'],['E:\\eye_mind_local\\pre-proc\\..\\data\\unzipped\\EML1_093\\EML1_093\\fNIRS\\2021-02-13_001\\2021-02-13_001_lsl.tri'],['E:\\eye_mind_local\\pre-proc\\..\\data\\unzipped\\EML1_093\\EML1_093\\fNIRS\\2021-02-13_001'],['E:\\eye_mind_local\\pre-proc\\..\\data\\unzipped\\EML1_093\\EML1_093\\EML1_093_Trials.txt'],LSL Triggers Look Good For Whole Study,"['1_sent', '2_words', '3_jabsent', '4_jabwords']","['Variables', 'Validity', 'Hypotheses', 'CausalClaims', 'Bias']"
EML1_094,['E:\\eye_mind_local\\pre-proc\\..\\data\\unzipped\\EML1_094\\EML1_094\\fNIRS\\2021-02-13_002\\2021-02-13_002.nirs'],['E:\\eye_mind_local\\pre-proc\\..\\data\\unzipped\\EML1_094\\EML1_094\\fNIRS\\2021-02-13_002\\2021-02-13_002_lsl.tri'],['E:\\eye_mind_local\\pre-proc\\..\\data\\unzipped\\EML1_094\\EML1_094\\fNIRS\\2021-02-13_002'],['E:\\eye_mind_local\\pre-proc\\..\\data\\unzipped\\EML1_094\\EML1_094\\EML1_094_Trials.txt'],LSL Triggers Look Good For Whole Study,"['1_sent', '4_jabwords', '3_jabsent', '2_words']","['Validity', 'CausalClaims', 'Hypotheses', 'Variables', 'Bias']"
EML1_095,['E:\\eye_mind_local\\pre-proc\\..\\data\\unzipped\\EML1_095\\EML1_095\\fNIRS\\2021-02-14_001\\2021-02-14_001.nirs'],['E:\\eye_mind_local\\pre-proc\\..\\data\\unzipped\\EML1_095\\EML1_095\\fNIRS\\2021-02-14_001\\2021-02-14_001_lsl.tri'],['E:\\eye_mind_local\\pre-proc\\..\\data\\unzipped\\EML1_095\\EML1_095\\fNIRS\\2021-02-14_001'],['E:\\eye_mind_local\\pre-proc\\..\\data\\unzipped\\EML1_095\\EML1_095\\EML1_095_Trials.txt'],There are 3 more triggers than expected.,"['3_jabsent', '1_sent', '2_words', '4_jabwords']","['Bias', 'Hypotheses', 'Variables', 'CausalClaims', 'Validity']"
EML1_096,['E:\\eye_mind_local\\pre-proc\\..\\data\\unzipped\\EML1_096\\EML1_096\\fNIRS\\2021-02-15_001\\2021-02-15_001.nirs'],['E:\\eye_mind_local\\pre-proc\\..\\data\\unzipped\\EML1_096\\EML1_096\\fNIRS\\2021-02-15_001\\2021-02-15_001_lsl.tri'],['E:\\eye_mind_local\\pre-proc\\..\\data\\unzipped\\EML1_096\\EML1_096\\fNIRS\\2021-02-15_001'],['E:\\eye_mind_local\\pre-proc\\..\\data\\unzipped\\EML1_096\\EML1_096\\EML1_096_Trials.txt'],Missing: 86 in the Localizer / Resting State Task.,"['1_sent', '4_jabwords', '2_words', '3_jabsent']","['Bias', 'Validity', 'CausalClaims', 'Variables', 'Hypotheses']"
EML1_097,['E:\\eye_mind_local\\pre-proc\\..\\data\\unzipped\\EML1_097\\EML1_097\\fNIRS\\2021-02-21_001\\2021-02-21_001.nirs'],['E:\\eye_mind_local\\pre-proc\\..\\data\\unzipped\\EML1_097\\EML1_097\\fNIRS\\2021-02-21_001\\2021-02-21_001_lsl.tri'],['E:\\eye_mind_local\\pre-proc\\..\\data\\unzipped\\EML1_097\\EML1_097\\fNIRS\\2021-02-21_001'],['E:\\eye_mind_local\\pre-proc\\..\\data\\unzipped\\EML1_097\\EML1_097\\EML1_097_Trials.txt'],LSL Triggers Look Good For Whole Study,"['2_words', '1_sent', '4_jabwords', '3_jabsent']","['Validity', 'CausalClaims', 'Hypotheses', 'Variables', 'Bias']"
EML1_098,['E:\\eye_mind_local\\pre-proc\\..\\data\\unzipped\\EML1_098\\EML1_098\\fNIRS\\2021-02-22\\2021-02-22_001\\2021-02-22_001.nirs'],['E:\\eye_mind_local\\pre-proc\\..\\data\\unzipped\\EML1_098\\EML1_098\\fNIRS\\2021-02-22\\2021-02-22_001\\2021-02-22_001_lsl.tri'],['E:\\eye_mind_local\\pre-proc\\..\\data\\unzipped\\EML1_098\\EML1_098\\fNIRS\\2021-02-22\\2021-02-22_001'],['E:\\eye_mind_local\\pre-proc\\..\\data\\unzipped\\EML1_098\\EML1_098\\EML1_098_Trials.txt'],There are 3 more triggers than expected.,"['3_jabsent', '1_sent', '4_jabwords', '2_words']","['Hypotheses', 'Validity', 'Variables', 'CausalClaims', 'Bias']"
EML1_099,['E:\\eye_mind_local\\pre-proc\\..\\data\\unzipped\\EML1_099\\EML1_099\\fNIRS\\2021-02-22_002\\2021-02-22_002.nirs'],['E:\\eye_mind_local\\pre-proc\\..\\data\\unzipped\\EML1_099\\EML1_099\\fNIRS\\2021-02-22_002\\2021-02-22_002_lsl.tri'],['E:\\eye_mind_local\\pre-proc\\..\\data\\unzipped\\EML1_099\\EML1_099\\fNIRS\\2021-02-22_002'],['E:\\eye_mind_local\\pre-proc\\..\\data\\unzipped\\EML1_099\\EML1_099\\EML1_099_Trials.txt'],"LSL Triggers Look Good for Localizer / Resting State, but are 1 triggers short of whole study.","['4_jabwords', '2_words', '3_jabsent', '1_sent']","['CausalClaims', 'Hypotheses', 'Bias', 'Variables', 'Validity']"
EML1_100,['E:\\eye_mind_local\\pre-proc\\..\\data\\unzipped\\EML1_100\\EML1_100\\fNIRS\\2021-02-26_002\\2021-02-26_002.nirs'],['E:\\eye_mind_local\\pre-proc\\..\\data\\unzipped\\EML1_100\\EML1_100\\fNIRS\\2021-02-26_002\\2021-02-26_002_lsl.tri'],['E:\\eye_mind_local\\pre-proc\\..\\data\\unzipped\\EML1_100\\EML1_100\\fNIRS\\2021-02-26_002'],['E:\\eye_mind_local\\pre-proc\\..\\data\\unzipped\\EML1_100\\EML1_100\\EML1_100_Trials.txt'],There are 2 more triggers than expected.,"['4_jabwords', '3_jabsent', '1_sent', '2_words']","['Validity', 'Variables', 'Bias', 'CausalClaims', 'Hypotheses']"
EML1_101,['E:\\eye_mind_local\\pre-proc\\..\\data\\unzipped\\EML1_101\\EML1_101\\fNIRS\\2021-02-27_001\\2021-02-27_001.nirs'],['E:\\eye_mind_local\\pre-proc\\..\\data\\unzipped\\EML1_101\\EML1_101\\fNIRS\\2021-02-27_001\\2021-02-27_001_lsl.tri'],['E:\\eye_mind_local\\pre-proc\\..\\data\\unzipped\\EML1_101\\EML1_101\\fNIRS\\2021-02-27_001'],['E:\\eye_mind_local\\pre-proc\\..\\data\\unzipped\\EML1_101\\EML1_101\\EML1_101_Trials.txt'],LSL Triggers Look Good For Whole Study,"['2_words', '1_sent', '3_jabsent', '4_jabwords']","['Validity', 'Bias', 'Variables', 'CausalClaims', 'Hypotheses']"
EML1_102,['E:\\eye_mind_local\\pre-proc\\..\\data\\unzipped\\EML1_102\\EML1_102\\fNIRS\\2021-03-01\\2021-03-01_001\\2021-03-01_001.nirs'],['E:\\eye_mind_local\\pre-proc\\..\\data\\unzipped\\EML1_102\\EML1_102\\fNIRS\\2021-03-01\\2021-03-01_001\\2021-03-01_001_lsl.tri'],['E:\\eye_mind_local\\pre-proc\\..\\data\\unzipped\\EML1_102\\EML1_102\\fNIRS\\2021-03-01\\2021-03-01_001'],['E:\\eye_mind_local\\pre-proc\\..\\data\\unzipped\\EML1_102\\EML1_102\\EML1_102_Trials.txt'],"LSL Triggers Look Good for Localizer / Resting State, but are 2 triggers short of whole study.","['4_jabwords', '1_sent', '3_jabsent', '2_words']","['CausalClaims', 'Hypotheses', 'Variables', 'Validity', 'Bias']"
EML1_103,['E:\\eye_mind_local\\pre-proc\\..\\data\\unzipped\\EML1_103\\EML1_103\\fNIRS\\2021-03-02_001\\2021-03-02_001.nirs'],['E:\\eye_mind_local\\pre-proc\\..\\data\\unzipped\\EML1_103\\EML1_103\\fNIRS\\2021-03-02_001\\2021-03-02_001_lsl.tri'],['E:\\eye_mind_local\\pre-proc\\..\\data\\unzipped\\EML1_103\\EML1_103\\fNIRS\\2021-03-02_001'],['E:\\eye_mind_local\\pre-proc\\..\\data\\unzipped\\EML1_103\\EML1_103\\EML1_103_Trials.txt'],LSL Triggers Look Good For Whole Study,"['1_sent', '4_jabwords', '2_words', '3_jabsent']","['Variables', 'Validity', 'Hypotheses', 'Bias', 'CausalClaims']"
EML1_104,['E:\\eye_mind_local\\pre-proc\\..\\data\\unzipped\\EML1_104\\EML1_104\\fNIRS\\2021-03-04_001\\2021-03-04_001.nirs'],['E:\\eye_mind_local\\pre-proc\\..\\data\\unzipped\\EML1_104\\EML1_104\\fNIRS\\2021-03-04_001\\2021-03-04_001_lsl.tri'],['E:\\eye_mind_local\\pre-proc\\..\\data\\unzipped\\EML1_104\\EML1_104\\fNIRS\\2021-03-04_001'],['E:\\eye_mind_local\\pre-proc\\..\\data\\unzipped\\EML1_104\\EML1_104\\EML1_104_Trials.txt'],LSL Triggers Look Good For Whole Study,"['4_jabwords', '2_words', '1_sent', '3_jabsent']","['Bias', 'Validity', 'Variables', 'Hypotheses', 'CausalClaims']"
EML1_105,['E:\\eye_mind_local\\pre-proc\\..\\data\\unzipped\\EML1_105\\EML1_105\\fNIRS\\2021-03-05_001\\2021-03-05_001.nirs'],['E:\\eye_mind_local\\pre-proc\\..\\data\\unzipped\\EML1_105\\EML1_105\\fNIRS\\2021-03-05_001\\2021-03-05_001_lsl.tri'],['E:\\eye_mind_local\\pre-proc\\..\\data\\unzipped\\EML1_105\\EML1_105\\fNIRS\\2021-03-05_001'],['E:\\eye_mind_local\\pre-proc\\..\\data\\unzipped\\EML1_105\\EML1_105\\EML1_105_Trials.txt'],LSL Triggers Look Good For Whole Study,"['4_jabwords', '3_jabsent', '1_sent', '2_words']","['Hypotheses', 'Variables', 'Bias', 'Validity', 'CausalClaims']"
EML1_106,['E:\\eye_mind_local\\pre-proc\\..\\data\\unzipped\\EML1_106\\EML1_106\\fNIRS\\2021-03-05_002\\2021-03-05_002.nirs'],['E:\\eye_mind_local\\pre-proc\\..\\data\\unzipped\\EML1_106\\EML1_106\\fNIRS\\2021-03-05_002\\2021-03-05_002_lsl.tri'],['E:\\eye_mind_local\\pre-proc\\..\\data\\unzipped\\EML1_106\\EML1_106\\fNIRS\\2021-03-05_002'],['E:\\eye_mind_local\\pre-proc\\..\\data\\unzipped\\EML1_106\\EML1_106\\EML1_106_Trials.txt'],LSL Triggers Look Good For Whole Study,"['4_jabwords', '1_sent', '2_words', '3_jabsent']","['Variables', 'CausalClaims', 'Hypotheses', 'Validity', 'Bias']"
EML1_107,['E:\\eye_mind_local\\pre-proc\\..\\data\\unzipped\\EML1_107\\EML1_107\\fNIRS\\2021-03-06_001\\2021-03-06_001.nirs'],['E:\\eye_mind_local\\pre-proc\\..\\data\\unzipped\\EML1_107\\EML1_107\\fNIRS\\2021-03-06_001\\2021-03-06_001_lsl.tri'],['E:\\eye_mind_local\\pre-proc\\..\\data\\unzipped\\EML1_107\\EML1_107\\fNIRS\\2021-03-06_001'],['E:\\eye_mind_local\\pre-proc\\..\\data\\unzipped\\EML1_107\\EML1_107\\EML1_107_Trials.txt'],LSL Triggers Look Good For Whole Study,"['1_sent', '4_jabwords', '2_words', '3_jabsent']","['Hypotheses', 'Variables', 'Bias', 'Validity', 'CausalClaims']"
EML1_108,['E:\\eye_mind_local\\pre-proc\\..\\data\\unzipped\\EML1_108\\EML1_108\\fNIRS\\2021-03-08_001\\2021-03-08_001.nirs'],['E:\\eye_mind_local\\pre-proc\\..\\data\\unzipped\\EML1_108\\EML1_108\\fNIRS\\2021-03-08_001\\2021-03-08_001_lsl.tri'],['E:\\eye_mind_local\\pre-proc\\..\\data\\unzipped\\EML1_108\\EML1_108\\fNIRS\\2021-03-08_001'],['E:\\eye_mind_local\\pre-proc\\..\\data\\unzipped\\EML1_108\\EML1_108\\EML1_108_Trials.txt'],LSL Triggers Look Good For Whole Study,"['1_sent', '3_jabsent', '4_jabwords', '2_words']","['Variables', 'Bias', 'CausalClaims', 'Validity', 'Hypotheses']"
EML1_109,['E:\\eye_mind_local\\pre-proc\\..\\data\\unzipped\\EML1_109\\EML1_109\\fNIRS\\2021-03-10_001\\2021-03-10_001.nirs'],,['E:\\eye_mind_local\\pre-proc\\..\\data\\unzipped\\EML1_109\\EML1_109\\fNIRS\\2021-03-10_001'],['E:\\eye_mind_local\\pre-proc\\..\\data\\unzipped\\EML1_109\\EML1_109\\EML1_109_Trials.txt'],,"['2_words', '3_jabsent', '4_jabwords', '1_sent']","['Validity', 'Variables', 'Bias', 'CausalClaims', 'Hypotheses']"
EML1_110,['E:\\eye_mind_local\\pre-proc\\..\\data\\unzipped\\EML1_110\\EML1_110\\fNIRS\\2021-03-16_001\\2021-03-16_001.nirs'],['E:\\eye_mind_local\\pre-proc\\..\\data\\unzipped\\EML1_110\\EML1_110\\fNIRS\\2021-03-16_001\\2021-03-16_001_lsl.tri'],['E:\\eye_mind_local\\pre-proc\\..\\data\\unzipped\\EML1_110\\EML1_110\\fNIRS\\2021-03-16_001'],['E:\\eye_mind_local\\pre-proc\\..\\data\\unzipped\\EML1_110\\EML1_110\\EML1_110_Trials.txt'],"LSL Triggers Look Good for Localizer / Resting State, but are 1 triggers short of whole study.","['3_jabsent', '2_words', '4_jabwords', '1_sent']","['CausalClaims', 'Variables', 'Hypotheses', 'Bias', 'Validity']"
EML1_111,['E:\\eye_mind_local\\pre-proc\\..\\data\\unzipped\\EML1_111\\EML1_111\\fNIRS\\2021-03-17_001\\2021-03-17_001.nirs'],['E:\\eye_mind_local\\pre-proc\\..\\data\\unzipped\\EML1_111\\EML1_111\\fNIRS\\2021-03-17_001\\2021-03-17_001_lsl.tri'],['E:\\eye_mind_local\\pre-proc\\..\\data\\unzipped\\EML1_111\\EML1_111\\fNIRS\\2021-03-17_001'],['E:\\eye_mind_local\\pre-proc\\..\\data\\unzipped\\EML1_111\\EML1_111\\EML1_111_Trials.txt'],Missing: 85 in the Localizer / Resting State Task.,[],"['Bias', 'CausalClaims', 'Hypotheses', 'Validity', 'Variables']"
EML1_056,,,,['E:\\eye_mind_local\\pre-proc\\..\\data\\unzipped\\EML1_056\\EML1_056\\EML1_056_Trials.txt'],,"['2_words', '3_jabsent', '1_sent', '4_jabwords']","['Bias', 'Hypotheses', 'CausalClaims', 'Variables', 'Validity']"
EML1_063,,,,['E:\\eye_mind_local\\pre-proc\\..\\data\\unzipped\\EML1_063\\EML1_063\\EML1_063_Trials.txt'],,"['2_words', '4_jabwords', '1_sent', '3_jabsent']","['CausalClaims', 'Variables', 'Validity', 'Bias', 'Hypotheses']"
EML1_065,,,,['E:\\eye_mind_local\\pre-proc\\..\\data\\unzipped\\EML1_065\\EML1_065\\EML1_065_Trials.txt'],,"['1_sent', '3_jabsent', '2_words', '4_jabwords']","['Bias', 'Variables', 'CausalClaims', 'Validity', 'Hypotheses']"
